index,words
365,climbed leapt tumbled leaps crept leaped rowed seeped roared floated trotted glided peered plunged perseveres frantic clung wandered waded
394,jabbing jiving churning munching rustling squashing hatching
103,enabled charging installed file handy device default remote wired reader
472,bloom springtime dogwood gleam drizzle swirl dandelion blooming thorn blossoms
581,curving eyeing slapping jerking whooping snapping whipping
182,larger bold tiny thin genuine large tall small smaller soft shape bigger tender plain
239,barges coils barge eruption chagrin
90,order open use regular full an tip fit or smart type free extra key line
664,settling contemplation whereas carelessness separating advantages forbids trumps
774,erect gigantic enormous
695,stairway pendulum eternity moonlight dimension staircase starlight echoes jagged
646,routine interval shred exercise muscle lifting slack stretching
471,mourning renewed awaiting remainder
466,primeval nightfall desolate abbey delirium watchmen oblivion
48,peddler tracks mill produced
50,interior ideal natural sea
453,grass trees mountains sand fields tree tropical flowers garden plants
73,cents fifty cent packs copies
693,longing comforting persuading warmth affectionate
543,annoys frankly goddammit complains bothers
554,circulation affects caused damage prevents prevent likelihood intermittent
602,exclaimed retorted mumbled murmured grunted remarked flatly muttered solemnly
180,encouragement regards efforts regard
240,dreams imagine cruel moments words memories facts realize things ruin sometimes
304,confuse admire observe describe involve suggest confess dislike prefer
500,shells planted loaves decorated erupted bushes planting
87,kidnaped intruded swarmed roundly leathered robed sizzled shoestrings ransacked impaled pummeled diffused
474,joys childhood generations nightmares
458,walked ran rode threw fell stole stepped rolled parked yard drove thrown jumped
26,chances chance lance note
357,vendors travelers capitalists merge ports windfall travellers publishers seekers merchants
144,untouched elapsed mercifully reigned
377,dispatches discussions clippings cuttings newspapers columns outlines
321,magnet cleaner pouch protective wallet vacuum
223,romances panes robes fumes
188,rare possible place point occasion exception attend chose comment trace capable impossible impression amuse question direct rage grave force phrase sort
721,hardest grow taught harder wise learn lessons easier fail teach ways learning easy learned
320,club city grand river western bay international national west palace royal
159,appetite irritability suffering nausea suffer diseases illness headaches withdrawal colds hangovers infectious unbearable anxiety
860,hopping bouncing climbing swinging stride stroll fences muddy winding sliding slippery barefoot cruising poles cartwheels leaning tumbling stumbling notch
71,lady boy twin little big baby wild young boss monster lucky
701,tantalizing substantial commotion tepid troubling obscene apocalyptic poignant chatter bleak devilish startling disastrous gritty ominous
505,waterfront cathedral monument landmark gardens branch estates terrace heritage borough residence headquarters oak
388,encyclopedias bashful industrious showy resentful disorganized thoughtless old-fashioned jaded unqualified bewilderment overbearing callous
452,lots few drinks plenty
287,tulips roofs feathers dots
9,real gay face short cool like girls old look boys crazy crack hot
603,important change focus decision interest situation further position progress plans changes effort current distance approach
429,warmer cooler hotter
715,inquisitor operetta expedition cadence crafter unbounded
677,fabled point-blank quaver
491,trolls pricks bastards dusty beware peasants filthy ungrateful thieving thieves
764,tenth longest eighth youngest worlds sixth earliest third decade fourth
531,nuts handful buncha bunch dozen
109,designed build driven unlocked developed connected structures built
639,persons opinion previous choosing reasons terms opinions argument questions secrets advice decisions
625,thumping muffled hoarse wailing shrill high-pitched screeching creaking
604,floors beds baths bedrooms houses rooms bunk sofas suitcases
656,vernal peonies foliage bustle
668,manservant errand barren smallish seventy-five full-grown spurns middle-aged
341,odyssey nest civic regal caravan armored coop
153,protect support urgent help safe please join visit suspend save
264,structure energy power system solution core effect level capacity advanced cloud range monitoring memory
11,petit petits et pour fond fille repose merveilleux corps alors genre oui tout chambre plus week-end lit
431,subjects recollection absent
856,birdbath rampart linoleum schoolroom pigskin vellum ashen trances
829,fists horns flames jaws torches
841,bearing carpeted irons stool drafting reclining shaft cushion upright folding
557,celebrated proudly drawn marked chosen
733,gnaw hunch firecracker blooded vein seam blot lump drawl slug blob fiend serpent
747,trails basin peaks dusk
807,golf battle cricket action figure race mission victory competition challenge ultimate draw
654,happening happen happened planned
524,armchair studious homely girlish demure exuberant wiry haggard
244,colored ribbon glitter bows ribbons pearls pumps charm strands
28,sold tickets arrived purchased dates bought million
694,gently gaze softly resting tightly rubbing pokes caressing lightly
745,arrangement portion healthiest ration
358,wasting useless worth waste fuss junk amount
382,measures marriage demands issues exposed appeal rules concern controversy demand privacy cuts signs threat threats despite
621,compromising flourish peril grandeur
765,no-nonsense grandiose eagerness
622,deference heroism camaraderie ensued loveliness undertakings forgetfulness
546,proposed approve agrees agreed
497,flirted disliked mistook disagreed insulted confronted approached
359,here morning tonight coming night tomorrow soon today party afternoon evening buddy march
373,collected baggage doubted misplaced borrowed
862,graciously blindly continually
310,plays stands takes turns comes drops gives gets makes goes brings works
83,organically anchored securely rebuilt populate incensed
744,pasture carcass lawns stumps shrub gnomes twenty-five grazing
408,insist hiding bother fooling begging telling constantly lying arguing liking bothering wondering assuming pretending judging
277,vacation shopping holiday travel packing festive
757,wholly heartily wickedly infinitely deliciously enormously fearfully supremely exceedingly immensely
383,staring stairs laying upstairs hanging asleep sit sitting stare casually halfway beside couch walking downstairs
771,drunkard musket snarling gush crowing grumble belch croaking clucking cooing howls sneer
174,wall tower image square view
824,burners tractors buckles
237,growing stress problems fights stronger emotions relationship cancer feelings
74,axe tango whisky perfume
